{"cameraMode":{"drawMode":0,"name":"Shaded","section":"Shading Mode"},"sceneLighting":false,"audioPlay":false,"sceneViewState":{"showFog":true,"showMaterialUpdate":true,"showSkybox":false,"showFlares":true,"showImageEffects":true,"showParticleSystems":true},"in2DMode":false,"pivot":{"x":56.64678955078125,"y":124.14404296875,"z":-48.798065185546878},"rotation":{"x":0.33610138297080996,"y":0.15914404392242433,"z":-0.05773671343922615,"w":0.9265053868293762},"size":138.432373046875,"orthographic":false}