{"cameraMode":{"drawMode":0,"name":"Shaded","section":"Shading Mode"},"sceneLighting":false,"audioPlay":false,"sceneViewState":{"showFog":true,"showMaterialUpdate":true,"showSkybox":false,"showFlares":true,"showImageEffects":true,"showParticleSystems":true},"in2DMode":false,"pivot":{"x":0.00009298324584960938,"y":3.9020256996154787,"z":-0.00042748451232910156},"rotation":{"x":0.3502553701400757,"y":-0.5062183141708374,"z":0.2357858419418335,"w":0.7519775629043579},"size":5.083694934844971,"orthographic":false}