{"cameraMode":{"drawMode":0,"name":"Shaded","section":"Shading Mode"},"sceneLighting":true,"audioPlay":false,"sceneViewState":{"showFog":true,"showMaterialUpdate":true,"showSkybox":true,"showFlares":true,"showImageEffects":true,"showParticleSystems":true},"in2DMode":false,"pivot":{"x":25.21942710876465,"y":52.9281120300293,"z":58.82224655151367},"rotation":{"x":0.01589752361178398,"y":0.47209495306015017,"z":-0.008439258672297001,"w":0.8813943266868591},"size":17.663618087768556,"orthographic":false}